순위,영화명,개봉일,매출액 ,매출액 점유율,누적매출액 ,관객수 ,누적관객수 ,스크린수 ,상영횟수 ,대표국적 ,국적 ,제작사 ,배급사 ,등급 ,장르 ,감독 ,배우 
1,히말라야,2015-12-16,19962547967,18.3,59432418415,2529776,7659197,953,56164,한국,한국,(주)제이케이필름,씨제이이앤엠(주),12세이상관람가,드라마,이석훈,"황정민,정우,조성하,김인권,라미란,김원해,이해영,전배수,정유미,유선,한명환,김재준,박민우,배상민,이춘우,이혜진"
2,내부자들: 디 오리지널,2015-12-31,15083154660,13.9,16319974375,1839393,1999545,838,41496,한국,한국,(유)내부자들 문화전문회사,(주)쇼박스,청소년관람불가,"범죄,드라마",우민호,"신지수,이병헌,조승우,백윤식,이경영,김홍파,배성우,조재윤,김대명,조우진,이엘,정만식,김병옥,박진우,남일우,김의성"
3,레버넌트: 죽음에서 돌아온 자,2016-01-14,12686701150,11.7,12690668150,1565329,1565806,966,35239,미국,미국,,이십세기폭스코리아(주),15세이상관람가,"어드벤처,드라마",알레한드로 곤잘레스 이냐리투,"레오나르도 디카프리오,톰 하디"
4,셜록: 유령신부,2016-01-02,9968254049,9.2,9968254049,1275382,1275382,890,32543,영국,영국,,메가박스(주)플러스엠,12세이상관람가,"범죄,드라마",더글라스 맥키넌,"베네딕트 컴버배치,마틴 프리먼"
5,굿 다이노,2016-01-07,9017437738,8.3,9027899738,1228702,1229972,788,28515,미국,미국,,월트디즈니컴퍼니코리아(주),전체관람가,"애니메이션,어드벤처,코미디",피터 손,
6,그날의 분위기,2016-01-14,4707153012,4.3,4707153012,592065,592065,591,23387,한국,한국,영화사 문(주),(주)쇼박스,15세이상관람가,멜로/로맨스,조규장,"유연석,문채원,조재윤,김슬기"
7,오빠생각,2016-01-21,4343838831,4,4343838831,559348,559348,854,20107,한국,한국,(주)조이래빗,(주)넥스트엔터테인먼트월드(NEW),12세이상관람가,"드라마,전쟁",이한,"임시완,고아성,이희준,이준혁,정준원,이레,김영재"
8,몬스터 호텔 2,2015-12-24,4038181391,3.7,11067193976,548974,1511744,635,13024,미국,미국,,유니버설픽쳐스인터내셔널 코리아(유),전체관람가,애니메이션,젠디 타타코브스키,"아담 샌들러,셀레나 고메즈,케빈 제임스,스티브 부세미"
9,스타워즈: 깨어난 포스,2015-12-17,4179025491,3.8,28328504031,467635,3270869,551,12673,미국,미국,,월트디즈니컴퍼니코리아(주),12세이상관람가,"액션,어드벤처,판타지",J.J. 에이브럼스,"해리슨 포드,마크 해밀,캐리 피셔,사이몬 페그,오스카 아이삭,막스 본 시도우,돔놀 글리슨"
10,나를 잊지 말아요,2016-01-07,3378572000,3.1,3389192000,422501,423899,556,18973,한국,한국,(주)더블유 팩토리,씨제이이앤엠(주),15세이상관람가,멜로/로맨스,이윤정,"정우성,김하늘,배성우,장영남,조이진,임주은,허진,이준혁,온주완,권해효"
11,조선마술사,2015-12-30,3136630233,2.9,4643080027,402862,627519,606,13641,한국,한국,위더스필름(주),롯데쇼핑㈜롯데엔터테인먼트,12세이상관람가,드라마,김대승,"유승호,고아라,곽도원,조윤희,이경영,박철민,손병호,조달환,서범식"
12,포인트 브레이크,2016-01-07,2313192051,2.1,2319400051,292753,293529,408,12011,미국,미국,,"(주)시네마서비스,(주)나이너스엔터테인먼트",15세이상관람가,"범죄,액션",에릭슨 코어,"루크 브레이시,에드가 라미레즈,테레사 팔머"
13,구스범스,2016-01-14,2123077812,1.9,2174015812,282912,290690,514,12386,미국,미국,,유니버설픽쳐스인터내셔널 코리아(유),12세이상관람가,"액션,어드벤처,코미디",롭 레터맨,"잭 블랙,딜런 미네트,오데야 러쉬,할스톤 세이지"
14,짱구는 못말려 극장판: 나의 이사 이야기 선인장 대습격,2016-01-07,1689386700,1.6,1689386700,227566,227566,396,7287,일본,일본,,(주)넥스트엔터테인먼트월드(NEW),전체관람가,애니메이션,하시모토 마사카즈,
15,빅쇼트,2016-01-21,1620515807,1.5,1620515807,194813,194813,489,6822,미국,미국,,롯데쇼핑㈜롯데엔터테인먼트,청소년관람불가,드라마,아담 맥케이,"크리스찬 베일,스티브 카렐,라이언 고슬링,브래드 피트"
16,대호,2015-12-16,1377381300,1.3,13482211632,176959,1761129,408,5179,한국,한국,(주)사나이픽처스,(주)넥스트엔터테인먼트월드(NEW),12세이상관람가,사극,박훈정,"최민식,정만식,김상호,성유빈,오스기 렌,정석원,김홍파,라미란,이은우,현승민,우정국,박인수"
17,어린왕자,2015-12-23,1130832833,1,4326419627,148855,577710,367,3886,프랑스,프랑스,,씨네그루(주)다우기술,전체관람가,"애니메이션,판타지,어드벤처",마크 오스본,"제프 브리지스,레이첼 맥아담스,맥켄지 포이,마리옹 꼬띠아르,제임스 프랭코,베니치오 델 토로,알버트 브룩스,리키 제바이스,폴 지아마티,버드 코트,릴리 오스본"
18,헤이트풀8,2016-01-07,952166000,0.9,960046000,114522,115448,167,4483,미국,미국,,(주)누리픽쳐스,청소년관람불가,"액션,스릴러,서부극(웨스턴)",쿠엔틴 타란티노,"사무엘 L. 잭슨,커트 러셀,제니퍼 제이슨 리,월튼 고긴스,데미안 비쉬어,팀 로스,마이클 매드슨,브루스 던,채닝 테이텀"
19,포켓몬 더 무비 XY 후파: 광륜의 초마신,2015-12-23,626681300,0.6,2154722800,85986,300270,270,2513,일본,일본,,(주)이수C&E,전체관람가,"애니메이션,어드벤처,판타지",유야마 쿠니히코,
20,라스트 위치 헌터,2015-12-30,589672800,0.5,934891800,72475,122033,278,2841,미국,미국,,(주)더콘텐츠온(TCO),15세이상관람가,"액션,어드벤처,판타지",브렉 에이즈너,"빈 디젤,일라이저 우드,로즈 레슬리,마이클 케인"
21,극장판 꼬마버스 타요의 에이스 구출작전,2016-01-21,482118000,0.4,482118000,71759,71759,200,2732,한국,한국,"(주)아이코닉스,(주)스튜디오게일",(주)아이코닉스,전체관람가,애니메이션,류정우,
22,유스,2016-01-07,461600900,0.4,475031900,59240,60830,65,2155,이탈리아,"이탈리아,프랑스,스위스,영국",,그린나래미디어(주),15세이상관람가,드라마,파올로 소렌티노,"마이클 케인,하비 케이텔,레이첼 웨이즈,폴 다노,제인 폰다"
23,잡아야 산다,2016-01-07,408030400,0.4,412678400,54081,54642,218,3147,한국,한국,더퀸디앤엠 주식회사,오퍼스픽쳐스,15세이상관람가,"코미디,액션",오인천,"김승우,김정태,한상혁,신강우,김민규,문용석,오만석,최호중,이해준,조창근,윤다영,서범식"
24,뽀로로 극장판 컴퓨터 왕국 대모험,2015-12-10,380302400,0.3,3282393000,51398,443158,151,1809,한국,한국,(주)오콘,(주)넥스트엔터테인먼트월드(NEW),전체관람가,애니메이션,박영균,"이선,이미자,함수정,홍소영,정미숙,김서영,김환진,엄상현,홍범기"
25,스티브 잡스,2016-01-21,370365807,0.3,370365807,46885,46885,383,4525,미국,미국,,유니버설픽쳐스인터내셔널 코리아(유),12세이상관람가,드라마,대니 보일,"마이클 패스벤더,케이트 윈슬렛,세스 로건"
26,이웃집에 신이 산다,2015-12-24,351570600,0.3,773027900,42269,95637,85,1807,벨기에,"벨기에,프랑스,룩셈부르크",,(주)엣나인필름,청소년관람불가,코미디,자코 반 도마엘,"브누와 뽀엘부르드,욜랭드 모로,까뜨린느 드뇌브"
27,스누피: 더 피너츠 무비,2015-12-24,303522200,0.3,1497534300,39778,196154,161,1202,미국,미국,,이십세기폭스코리아(주),전체관람가,"애니메이션,어드벤처,코미디",스티브 마티노,
28,"로봇, 소리",2016-01-27,300434100,0.3,300434100,35989,35989,147,546,한국,한국,"(주)영화사 좋은날,(주)디씨지플러스",롯데쇼핑㈜롯데엔터테인먼트,12세이상관람가,드라마,이호재,"이성민,이희준,이하늬,김원해,채수빈,심은경,곽시양"
29,바닷마을 다이어리,2015-12-17,291913400,0.3,710555384,34868,86978,63,1103,일본,일본,,(주)티캐스트,12세이상관람가,드라마,고레에다 히로카즈,"아야세 하루카,나가사와 마사미,카호,히로세 스즈,카세 료"
30,시간을 달리는 소녀,2007-06-14,223716300,0.2,619391700,28265,89512,74,1379,일본,일본,,"THE 픽쳐스,씨제이엔터테인먼트",전체관람가,"애니메이션,판타지,멜로/로맨스",호소다 마모루,"이시다 타쿠야,나카 리이사"
31,매드 맥스: 분노의 도로,2015-05-14,321258500,0.3,33234100662,22603,3865946,31,858,미국,"미국,호주",,워너브러더스 코리아(주),15세이상관람가,"액션,어드벤처,스릴러",조지 밀러,"톰 하디,샤를리즈 테론,니콜라스 홀트,조 크라비츠,로지 헌팅턴-휘틀리,라일리 코프,메간 게일,애비 리,코트니 이튼"
32,러브레터,1999-11-20,167636700,0.2,532950292,20485,70467,150,1471,일본,일본,후지텔레비젼네트웍,"(유)조이앤시네마,(주)팝엔터테인먼트",전체관람가,"멜로/로맨스,드라마",이와이 슌지,"나까야마 미호,토요카와 에츠시,사카이 미키"
33,인터스텔라,2014-11-06,229466000,0.2,82600880000,19679,10303455,17,279,미국,"미국,영국",,워너브러더스 코리아(주),12세이상관람가,SF,크리스토퍼 놀란,"매튜 매커너히,앤 해서웨이,마이클 케인,제시카 차스테인,케이시 애플렉"
34,버스 657,2016-01-14,143676000,0.1,143676000,18042,18042,161,1785,미국,미국,,(주)스톰픽쳐스코리아,15세이상관람가,"액션,스릴러",스콧 만,"로버트 드니로,제프리 딘 모건,데이브 바티스타,케이트 보스워스"
35,내부자들,2015-11-19,129779900,0.1,56595468557,16109,7071444,51,345,한국,한국,(유)내부자들 문화전문회사,(주)쇼박스,청소년관람불가,"범죄,드라마",우민호,"신지수,이병헌,조승우,백윤식,이경영,김홍파,조우진,조재윤,김대명,배성우,이엘,정만식,김병옥,박진우,남일우,김의성,김연지,김진우,문소리,박경순,설우신,손혜진,신정미,윤보배,이선관,이재남,이재정,이주아,장현준,최정연,황준혁"
36,브루클린의 멋진 주말,2016-01-21,119197300,0.1,120217300,15471,15587,103,1044,미국,미국,,(주)영화사 진진,12세이상관람가,드라마,리차드 론크레인,"모건 프리먼,다이안 키튼,캐리 프레스톤,신시아 닉슨"
37,순정,2016-02-24,87325000,0.1,87325000,10528,10528,8,38,한국,한국,(주)주피터필름,(주)리틀빅픽쳐스,12세이상관람가,드라마,이은희,"도경수,김소현,연준석,이다윗,주다영,박용우,박해준,김지호,이범수,이대연"
38,시카리오: 암살자의 도시,2015-12-03,85510300,0.1,1221108252,10138,150853,27,396,미국,미국,,롯데쇼핑㈜롯데엔터테인먼트,청소년관람불가,"범죄,미스터리,스릴러",드니 빌뇌브,"에밀리 블런트,베니치오 델 토로,조쉬 브롤린"
39,미니 자이언트,2016-01-28,58518500,0.1,58518500,9350,9350,137,1034,영국,영국,,(주)박수엔터테인먼트,전체관람가,"애니메이션,가족",마크 브라운로우,
40,바다의 노래: 벤과 셀키요정의 비밀,2016-01-14,65845300,0.1,67684300,9244,9600,141,1047,아일랜드,"아일랜드,덴마크,벨기에,룩셈부르크,프랑스",,(주)영화사 진진,전체관람가,"애니메이션,가족,판타지",톰 무어,
41,겁쟁이 페달: 더 무비,2016-01-14,59553192,0.1,59553192,8400,8400,52,740,일본,일본,,(주)미디어캐슬,전체관람가,애니메이션,나가누마 노리히로,
42,앱솔루틀리 애니씽,2016-01-14,54215800,0,54215800,7013,7013,89,859,미국,"미국,영국",,(주)모멘텀엔터테인먼트,12세이상관람가,"코미디,SF",테리 존스,"사이몬 페그,케이트 베킨세일,로빈 윌리엄스,테리 존스"
43,백트랙,2016-01-21,48395300,0,48395300,6169,6169,91,680,호주,호주,,(주)디스테이션,15세이상관람가,"미스터리,스릴러",마이클 페트로니,"애드리언 브로디,샘 닐,로빈 맥레비"
44,에브리띵 윌 비 파인,2015-12-31,44765900,0,64422400,5928,8565,45,532,독일,"독일,캐나다,프랑스,스웨덴,노르웨이",,찬란,12세이상관람가,드라마,빔 벤더스,"제임스 프랭코,레이첼 맥아담스,샤를로뜨 갱스부르"
45,라스트 탱고,2015-12-31,42446100,0,52509600,5490,6752,19,379,독일,"독일,아르헨티나",,(주)미로스페이스,12세이상관람가,다큐멘터리,게르만 크랄,
46,이터널 선샤인,2005-11-10,46158100,0,3743188692,5297,491607,14,219,미국,미국,포커스피쳐스,"(주)노바미디어,코리아픽쳐스(주)",15세관람가,멜로/로맨스,미셸 공드리,"짐 캐리,케이트 윈슬렛,커스틴 던스트,마크 러팔로,일라이저 우드"
47,그녀에게,2003-04-18,36612100,0,50356752,4658,6649,19,306,스페인,스페인,,"판씨네마(주),㈜미로비젼","18세관람가,청소년관람불가","멜로/로맨스,드라마",페드로 알모도바르,"하비에 카마라,다리오 그랜디네티,레오노르 와틀링,로자리오 플로레스"
48,프랑스 영화처럼,2016-01-14,31031000,0,31031000,3947,3947,29,476,한국,한국,(주) 루스이소니도스,(주)콘텐츠판다,15세이상관람가,드라마,신연식,"이영란,전지윤,다솜,정준원,소이,스티븐 연,신민철"
49,맥베스,2015-12-03,31265700,0,743473853,3926,97536,16,168,영국,"영국,프랑스,미국",,판씨네마(주),15세이상관람가,드라마,저스틴 커젤,"마이클 패스벤더,마리옹 꼬띠아르"
50,태양의 서커스 월드 어웨이,2016-01-06,60999500,0.1,60999500,3877,3877,16,250,미국,미국,,주식회사 드림크리에이션,전체관람가,공연,앤드류 아담슨,제이슨 베런트
51,나쁜 나라,2015-12-03,19973000,0,131053400,3077,19445,12,252,한국,한국,4.16 세월호 참사 시민기록위원회,"배급위원회,(주)시네마달",12세이상관람가,다큐멘터리,"김진열,이수정,정일건","최경덕,박지민"
52,앨빈과 슈퍼밴드: 악동 어드벤처,2016-02-04,24736000,0,24736000,2850,2850,5,13,미국,미국,,이십세기폭스코리아(주),전체관람가,"애니메이션,어드벤처,코미디",월트 벡커,"저스틴 롱,제이슨 리,매튜 그레이 거블러,제시 맥카트니"
53,솔로몬 왕의 보고,,5633000,0,5633000,2814,2814,1,19,영국,영국,,,,"액션,어드벤처",로버트 스티븐슨,"폴 로버슨,세드릭 하드윅,로랜드 영"
54,러브 액츄얼리,2003-12-05,21947800,0,1974221608,2700,287366,26,137,미국,"미국,영국",,"UIP코리아,(유)조이앤시네마","15세관람가,15세이상관람가","멜로/로맨스,드라마,코미디",리차드 커티스,"휴 그랜트,콜린 퍼스,알란 릭맨,엠마 톰슨,리암 니슨,로라 린니,키이라 나이틀리,마틴 맥커천,빌 나이히"
55,마카담 스토리,2015-12-24,19875100,0,68101000,2654,8646,17,211,프랑스,프랑스,,주식회사 씨네룩스,12세이상관람가,드라마,사무엘 벤쉬트리,"이자벨 위페르,마이클 피트,발레리아 브루니 테데스키,구스타브 드 케르베른,타사딧 만디,쥴 벤쉬트리"
56,마음의 등불,,5177000,0,5177000,2581,2581,1,20,미국,미국,유니버셜 픽쳐스,,15세이상관람가,드라마,더글라스 서크,
57,열정의 랩소디,,5024000,0,5698000,2512,2849,1,15,미국,미국,,,12세관람가,드라마,"빈센트 미넬리,조지 쿠커","커크 더글라스,앤소니 퀸"
58,법과 질서,,4230000,0,4230000,2110,2110,1,23,미국,미국,,,,서부극(웨스턴),나단 주런,"로날드 레이건,도로시 말론"
59,겁쟁이 페달: 리로드,2016-01-14,13544808,0,13544808,1964,1964,7,70,일본,일본,,(주)미디어캐슬,전체관람가,애니메이션,나베시마 오사무,
60,겁쟁이 페달: 리라이드,2016-01-14,12995192,0,12995192,1939,1939,7,69,일본,일본,,(주)미디어캐슬,전체관람가,애니메이션,나베시마 오사무,
61,거상의 길,,3699000,0,3699000,1847,1847,1,15,미국,미국,,,미정,"드라마,어드벤처",윌리엄 디테르,"엘리자베스 테일러,피터 핀치,다나 앤드류스"
62,쿵푸팬더3,2016-01-28,18882000,0,18882000,1831,1831,3,7,미국,미국,드림웍스 애니메이션,씨제이이앤엠(주),전체관람가,"애니메이션,액션,어드벤처","여인영,알레산드로 칼로니","잭 블랙,안젤리나 졸리,더스틴 호프만,성룡,세스 로건,루시 리우,데이빗 크로스,J.K. 시몬스"
63,두 여인,,3563000,0,11355000,1713,5473,1,16,이탈리아,"이탈리아,프랑스",,,,,비토리오 데 시카,"장 폴 벨몽도,소피아 로렌"
64,부에나 비스타 소셜 클럽,2001-03-01,14009000,0,206629201,1705,26297,5,89,독일,독일,,오드,전체관람가,다큐멘터리,빔 벤더스,"꼼빠이 세군도,조아킴 쿠더"
65,더 랍스터,2015-10-29,14059000,0,471303300,1647,57043,5,83,영국,"영국,그리스,아일랜드,네덜란드,프랑스",,"(주)영화사오원,(주)브리즈픽처스",청소년관람불가,"판타지,멜로/로맨스",요르고스 란티모스,"콜린 파렐,레이첼 웨이즈,레아 세이두,벤 위쇼,존 C. 라일리"
66,괴물의 아이,2015-11-25,12670300,0,1665251116,1633,224849,11,90,일본,일본,,"CGV아트하우스,(주)리틀빅픽쳐스",12세이상관람가,"애니메이션,판타지,어드벤처",호소다 마모루,"야쿠쇼 코지,미야자키 아오이,소메타니 쇼타,히로세 스즈"
67,백조,,3138000,0,3138000,1569,1569,1,15,미국,미국,메트로-골드윈-마이어,,,"사극,코미디,드라마",,
68,검사외전,2016-02-03,8994000,0,8994000,1499,1499,4,4,한국,한국,"(주)영화사 월광,(주)사나이픽처스",(주)쇼박스,15세이상관람가,"범죄,코미디",이일형,"황정민,강동원"
69,하숙집 2,2016-01-07,7053000,0,7053000,1266,1266,20,46,한국,한국,(주)소나무픽쳐스,(주)소나무픽쳐스,청소년관람불가,"멜로/로맨스,드라마",정태령,정넘쳐
70,마지막 황제,1988-12-23,2337500,0,13389000,1079,5057,1,13,영국,"영국,미국",,"예지림엔터테인먼트,아티잔엔터테인먼트,콜럼비아 픽쳐스 코포레이션","12세이상관람가,중학생이상관람가","드라마,사극",베르나르도 베르톨루치,
71,왕자와 무희,,1908000,0,3078000,954,1539,1,16,미국,"미국,영국",워너 브러더스 픽쳐스,,,"코미디,드라마",로렌스 올리비에,"리차드 와티스,데이빗 혼,제레미 스펜서,시빌 손다이크,로렌스 올리비에,마릴린 몬로"
72,당신을 기다리는 시간,2016-01-28,6296000,0,6550000,917,952,2,4,이탈리아,"이탈리아,프랑스",,찬란,15세이상관람가,드라마,피에로 메시나,"줄리엣 비노쉬,로 드 라게,조르지오 콜란겔리"
72,아버지의 초상,2016-01-28,6127000,0,6127000,917,917,2,4,프랑스,프랑스,,"미디어소프트,(주)뮤제엔터테인먼트",12세이상관람가,드라마,스테판 브리제,뱅상 랭동
74,"쿠미코, 더 트레저 헌터",2016-01-14,6535000,0,6535000,881,881,12,126,미국,미국,,홀리가든,12세이상관람가,드라마,데이비드 젤너,키쿠치 린코
75,JSA 남북공동초등학교,,4362000,0,4362000,869,869,6,14,한국,한국,시네마서울,,전체관람가,드라마,한명구,
76,백경,2008-03-15,1722000,0,11752000,861,5649,1,16,영국,영국,,,,"드라마,어드벤처",존 휴스턴,"그레고리 펙,리차드 베이스하트,레오 겐"
77,메밀꽃 필 무렵,1967-12-15,1686000,0,3136000,843,1568,1,12,한국,한국,세기상사㈜,,전체관람가,드라마,이성구,"박노식,김지미"
78,거미의 땅,2016-01-14,5174600,0,6352600,830,1096,5,52,한국,한국,(주)시네마달,(주)시네마달,15세이상관람가,다큐멘터리,"박경태,김동령",
79,연인들,2015-12-31,4492500,0,4951500,775,839,5,61,독일,"독일, 오스트리아,스위스",,THE 픽쳐스,청소년관람불가,드라마,도미니크 그라프,"한나 헤르츠스프룽,플로리안 슈테터,헨리에트 컨퓨리어스,로널드 제르펠트"
80,강화도령,,1532000,0,4142000,766,2071,1,12,한국,한국,,,,"사극,멜로/로맨스",신상옥,"최은희,도금봉"
81,극적인 하룻밤,2015-12-03,6106000,0,2616673429,757,321641,7,29,한국,한국,"(주)연우무대,(주)스토리지",CGV아트하우스,청소년관람불가,"멜로/로맨스,코미디",하기호,"윤계상,한예리,박효주,조복래,박병은,정수영,조영균,하정완,한정국,김수정,한지은,이지훈,정수연,김재화"
82,토스카,2015-04-01,8438500,0,34001000,744,2224,12,42,프랑스,프랑스,,에스디시코리아 주식회사,12세이상관람가,공연,피에르 아우디,
83,쿵푸팬더 2,2011-05-26,3612500,0,44310427500,713,5064796,10,29,미국,미국,,씨제이이앤엠(주),전체관람가,"애니메이션,액션,어드벤처,코미디,가족",여인영,"더스틴 호프만,잭 블랙,안젤리나 졸리,성룡"
84,킬 미 달링,2016-01-28,5759000,0,5759000,709,709,2,4,네덜란드,"네덜란드,벨기에,독일,아일랜드",,(주)블룸즈베리리소시스리미티드,15세이상관람가,"멜로/로맨스,코미디",마이크 반 디엠,"제로엔 반 코닝스부르헤,조지나 버밴"
85,나를 미치게 하는 여자,2015-12-10,4750000,0,242419700,675,34055,1,12,미국,미국,,유니버설픽쳐스인터내셔널 코리아(유),청소년관람불가,"코미디,멜로/로맨스",주드 아패토우,"에이미 슈머,빌 헤이더"
86,독립협회와 청년 이승만,,1336000,0,1336000,668,668,1,8,한국,한국,,,,드라마,신상옥,"김진규,김승호,황정순,엄앵란"
87,자이언트,1974-02-28,1314000,0,10317712,657,6600,1,6,미국,미국,워너 브러더스 픽쳐스,,12세이상관람가,드라마,조지 스티븐스,"록 허드슨,제임스 딘,엘리자베스 테일러"
88,시계 태엽 오렌지,,5243900,0,5821900,651,763,1,7,,,,,,,,
89,건힐의 결투,,1213000,0,1213000,626,626,1,13,미국,미국,,,,"스릴러,서부극(웨스턴)",존 스터지스,"커크 더글라스,앤소니 퀸"
90,더 셰프,2015-11-05,4654000,0,1487172148,611,187122,1,3,미국,미국,,(주)이수C&E,15세이상관람가,드라마,존 웰스,"브래들리 쿠퍼,시에나 밀러,오마 사이,다니엘 브륄,엠마 톰슨,우마 서먼"
91,"나의 아들, 나의 어머니",2015-12-17,3909000,0,30003800,604,4208,10,125,한국,한국,"창작집단917,민프로덕션",(주)인디플러그,전체관람가,다큐멘터리,안재민,
92,닥터 스트레인지러브,,4796100,0,6900100,598,965,1,7,영국,영국,,,12세이상관람가,"코미디,드라마",스탠리 큐브릭,"피터 셀러스,조지 C. 스콧"
93,뷰티 인사이드,2015-08-20,5039100,0,16153518631,597,2054032,1,41,한국,한국,(주)용필름,(주)넥스트엔터테인먼트월드(NEW),12세이상관람가,"판타지,멜로/로맨스",백,"한효주,김대명,도지한,배성우,박신혜,이범수,박서준,김상호,천우희,우에노 주리,이재준,김민재,이현우,조달환,이진욱,홍다미,서강준,김희원,이동욱,고아성,김주혁,유연석,이동휘,문숙,이경영,유재상,임예진,정두원,박지현,정은교,조유덕,차수보,차정환,이미도,손영진,신예진,유보라,윤여진,이미애,홍승철,이성준,이소연,이슬기,이승대,신동미"
93,표류도,1960-12-17,1194000,0,1194000,597,597,1,9,한국,한국,,,,멜로/로맨스,권영순,"문정숙,김진규"
95,청춘의 증언,2015-04-09,1894000,0,62298100,581,8622,1,15,영국,영국,,판씨네마(주),12세이상관람가,드라마,제임스 켄트,"알리시아 비칸데르,킷 해링턴,태런 애거튼,콜린 모건"
96,이창,,1159000,0,1929000,577,958,1,12,미국,미국,파라마운트 픽쳐스,,,"드라마,범죄,미스터리,스릴러",알프레드 히치콕,
97,마담 보바리,2015-12-10,4680600,0,56360900,564,7221,4,29,미국,미국,,(주)영화사 진진,청소년관람불가,드라마,소피 바르트,"미아 와시코브스카,에즈라 밀러,폴 지아마티,리스 이판"
98,세기의 매치,2016-01-28,3801600,0,3801600,560,560,2,4,미국,미국,,판씨네마(주),12세이상관람가,드라마,에드워드 즈윅,"토비 맥과이어,리브 슈라이버,피터 사스가드"
99,서부 개척사,,1066000,0,8008000,550,3015,1,6,미국,미국,,,,"서부극(웨스턴),어드벤처,드라마","존 포드,헨리 해서웨이,조지 마샬","캐롤 베이커,리 J. 콥"
100,한말풍운과 민충정공,,1054000,0,1478000,527,745,1,9,한국,한국,,,,"사극,드라마","윤봉춘,남홍일","김동원,전옥,김신재"
101,노예 12년,2014-02-27,1612000,0,3647004700,526,498892,1,9,미국,"미국,영국",,"판씨네마(주),(주)프레인글로벌",15세이상관람가,드라마,스티브 맥퀸,"치웨텔 에지오포,마이클 패스벤더,베네딕트 컴버배치,브래드 피트,드와이트 헨리,쿠벤자네 왈리스,타란 킬램"
102,애꾸눈 잭,,1009000,0,8526000,521,4273,1,9,미국,미국,,,,기타,,
103,누구를 위하여 종은 울리나,1972-03-18,1040000,0,19281586,519,11840,1,9,미국,미국,파라마운트 픽쳐스,,미정,"드라마,멜로/로맨스,전쟁",샘 우드,"잉그리드 버그만,게리 쿠퍼"
104,대탈주,,996000,0,1142000,513,586,1,6,미국,미국,,,,"액션,전쟁",,
105,앨리스: 원더랜드에서 온 소년,2015-12-10,3930000,0,65144100,492,8833,5,7,한국,한국,"(주)유비콘텐츠,주식회사 유비컬쳐",(주)영화사 안다미로,15세이상관람가,"판타지,공포(호러),멜로/로맨스",허은희,"홍종현,정소민,정연주,이승연,서갑숙,이고은,장서원,김준형,최윤,이혜인,원예준,박현숙"
106,"파리오페라 발레의 별, 아녜스",2014-12-10,1464000,0,9713500,488,1544,1,20,프랑스,프랑스,,판씨네마(주),전체관람가,다큐멘터리,마를렌느 이오네스코,아녜스 르테스튀
107,제로 모티베이션,2016-01-21,3306000,0,3306000,465,465,14,57,이스라엘,이스라엘,,(주)유로커뮤니케이션,15세이상관람가,드라마,탈야 라비,"데이너 이브기,넬리 타가르,샤니 클라인"
108,캐롤,2016-02-04,3721500,0,3721500,459,459,2,4,미국,"미국,영국",,CGV아트하우스,청소년관람불가,드라마,토드 헤인즈,"케이트 블란쳇,루니 마라,카일 챈들러,제이크 레이시,사라 폴슨"
109,일 트로바토레,2016-01-16,11299500,0,11299500,455,455,6,18,미국,미국,,(주)인스터피씨엠,전체관람가,공연,마르코 아르밀리아토,안나 네트렙코
110,황금시대,2014-10-16,1347000,0,100258100,449,13858,1,9,중국,중국,,판씨네마(주),12세이상관람가,드라마,허안화,"탕웨이,풍소봉,왕지문"
111,쇼처럼 즐거운 인생은 없다,,886000,0,3410000,443,1705,1,6,미국,미국,이십세기폭스필름코퍼레이션,,,뮤지컬,월터 랭,에델 머먼
112,애수의 샌프란시스코,1975-03-28,850000,0,850000,432,432,1,9,한국,한국,(주)동아수출공사,,전체관람가,멜로/로맨스,정소영,"신영균,양정화"
113,하트 오브 더 씨,2015-12-03,3424000,0,6780844023,428,809827,1,2,미국,미국,,워너브러더스 코리아(주),12세이상관람가,"액션,어드벤처,드라마",론 하워드,"크리스 헴스워스,킬리언 머피,벤 위쇼,샬롯 라일리,브렌단 글리슨,벤자민 워커"
114,검은 사제들,2015-11-05,2550000,0,42407832092,425,5442553,5,15,한국,한국,영화사 집,씨제이이앤엠(주),15세이상관람가,"미스터리,드라마",장재현,"김윤석,강동원,박소담,김병옥,김의성,손종학,이호재,남일우,김동현,김미영,김수진,김혜민,박지수,송선찬,이상민,이승훈,이현우"
115,"금지된 섹스, 달콤한 복수",2016-01-14,2318000,0,2318000,418,418,21,40,한국,한국,(주)케이알씨지,(주)케이알씨지,청소년관람불가,"멜로/로맨스,스릴러",이숭환,"송은채,유장영"
116,러브 앤 머시,2015-07-30,1254000,0,213034800,414,27226,1,14,미국,미국,,판씨네마(주),15세이상관람가,드라마,빌 포래드,"존 쿠삭,폴 다노,엘리자베스 뱅크스,폴 지아마티"
116,오페라의 유령 : 25주년 특별 공연,,8183000,0,1845559500,414,103679,1,7,영국,영국,,유니버설픽쳐스인터내셔널 코리아(유),전체관람가,뮤지컬,"카메론 맥킨토시,로렌스 코너","라민 카림루,시에라 보게스"
118,순응자,2016-01-28,40800,0,40800,408,408,2,3,이탈리아,"이탈리아,프랑스,독일",,㈜영화사 백두대간,청소년관람불가,드라마,베르나르도 베르톨루치,"장-루이 트린티냥,스테파니아 산드렐리,도미니크 샌다"
119,달콤한 인생,,814000,0,5528000,407,2542,1,6,이탈리아,"이탈리아,프랑스",,,15세관람가,드라마,페데리코 펠리니,"마르첼로 마스트로얀니,아니타 에크베르그,마르첼로 마스트로얀니"
120,귀향,2016-02-24,3654000,0,3654000,406,406,1,2,한국,한국,주식회사 제이오엔터테인먼트코리아,(주)와우픽쳐스,15세이상관람가,드라마,조정래,"손숙,강하나,서미지,최리,정인기,오지혜"
121,바람과 함께 사라지다,1972-12-23,806000,0,42528000,403,15012,1,4,미국,미국,메트로-골드윈-마이어,,"12세이상관람가,국민학생관람불가","드라마,사극,전쟁",빅터 플레밍,"클라크 게이블,비비안 리,레슬리 하워드"
122,지금은맞고그때는틀리다,2015-09-24,3182500,0,661255100,401,80241,4,52,한국,한국,(주)영화제작전원사,"(주)영화제작전원사 ,(주)넥스트엔터테인먼트월드(NEW)",청소년관람불가,드라마,홍상수,"정재영,김민희,윤여정,기주봉,최화정,유준상,서영화,고아성"
123,레나,,2400000,0,3597000,400,533,1,1,한국,한국,(주)씨네코뮨,(주)씨네코뮨,12세이상관람가,"멜로/로맨스,드라마",채헌정,"박기림,김재만,최호중"
124,성공의 달콤한 향기,,737000,0,1153000,380,588,1,12,미국,미국,,,,드라마,알렉산더 멕켄드릭,"버트 랭커스터,토니 커티스,마틴 밀너"
125,비긴 어게인,2014-08-13,1127000,0,27111150961,373,3429517,1,12,미국,미국,,판씨네마(주),15세이상관람가,멜로/로맨스,존 카니,"키이라 나이틀리,마크 러팔로,애덤 리바인,헤일리 스테인펠드,제임스 코든,캐서린 키너"
126,역마차,,738000,0,10997000,369,4661,1,8,미국,미국,,,,서부극(웨스턴),존 포드,"존 웨인,클레어 트레버,앤디 데빈,존 캐러딘"
127,대부,1973-09-01,3110000,0,182281100,367,28410,1,5,미국,미국,,,"연소자관람불가,청소년관람불가","드라마,범죄,스릴러",프란시스 포드 코폴라,"알 파치노,말론 브란도"
128,하프,2016-01-21,3033000,0,3033000,360,360,9,41,한국,한국,"영화사 민들레,하트박스(주)",(주)인디플러그,청소년관람불가,드라마,김세연,"안용준,정유석,문세윤,송영규"
129,사랑아 나는 통곡한다,,692000,0,9139000,346,4562,1,6,미국,미국,,,12세이상관람가,멜로/로맨스,윌리엄 와일러,"올리비아 드 하빌랜드,몽고메리 클리프트,랄프 리차드슨,마리암 홉킨스"
130,레전드,2015-12-10,3096000,0,1439444930,344,180082,2,3,프랑스,"프랑스,영국",,(주)이수C&E,청소년관람불가,"액션,범죄,드라마",브라이언 헬겔랜드,"톰 하디,태런 애거튼,에밀리 브라우닝"
130,미스트리스 아메리카,2015-12-10,2746400,0,65573200,344,7993,2,29,미국,미국,,이십세기폭스코리아(주),15세이상관람가,"코미디,드라마",노아 바움백,"그레타 거윅,롤라 커크"
130,세상의 끝에서 커피 한잔,2015-11-05,3014000,0,31217000,344,4116,2,25,일본,"일본,대만",,(주)도키엔터테인먼트,12세이상관람가,드라마,치앙시우청,"나가사쿠 히로미,사사키 노조미"
133,흑룡강,1976-10-09,664000,0,664000,342,342,1,12,한국,한국,(주)동아수출공사,,,액션,김선경,"왕호,황태수,조춘"
134,친애하는 지도자동지께,2015-12-31,2133000,0,2140000,338,339,3,24,한국,한국,이상우 필름,이상우 필름,청소년관람불가,드라마,이상우,"김영건,신원호,서현석"
135,오션스 일레븐,,654000,0,1387000,327,691,1,6,미국,미국,,,,"범죄,코미디",루이스 마일스톤,"프랭크 시내트라,딘 마틴,새미 데이비스 주니어,피터 로포드,앤지 디킨슨"
136,극장판 아이엠스타 : 꿈의 오디션!,2016-02-11,2608000,0,2608000,326,326,1,1,일본,일본,,,전체관람가,애니메이션,키무라 류이치,
137,크림슨 피크,2015-11-25,2427000,0,379765400,324,46735,1,6,미국,미국,,유니버설픽쳐스인터내셔널 코리아(유),청소년관람불가,"판타지,스릴러",길예르모 델 토로,"톰 히들스턴,제시카 차스테인,미아 와시코브스카,찰리 헌냄"
138,파란 이별의 글씨,,642000,0,3382000,321,1686,1,12,한국,한국,세기상사㈜,,,드라마,정진우,"문희,윤정희,신성일"
139,황야의 7인,1972-11-02,634000,0,10275000,317,4887,1,6,미국,미국,유나이티드 아티스트,,,"드라마,서부극(웨스턴),어드벤처",존 스터지스,"율 브린너,엘리 왈라치"
140,노인을 위한 나라는 없다,2008-02-21,2600000,0,458020400,310,66880,1,4,미국,미국,"파라마운트 밴티지,미라맥스 필름즈",씨제이엔터테인먼트,청소년관람불가,"스릴러,드라마,범죄","조엘 코엔,에단 코엔","조쉬 브롤린,하비에르 바르뎀,토미 리 존스"
141,마농,2015-10-21,3637500,0,32328000,309,2486,12,20,프랑스,프랑스,,에스디시코리아 주식회사,전체관람가,공연,케네스 맥밀란,"오렐리 뒤퐁,로베르토 볼레"
142,파리오페라발레 갈라쇼,2015-05-02,3558000,0,32968500,307,2120,12,12,프랑스,프랑스,,에스디시코리아 주식회사,전체관람가,공연,브리지트 르페브르,
143,열정같은소리하고있네,2015-11-25,2440000,0,4761399902,305,654407,1,2,한국,한국,반짝반짝영화사(주),(주)넥스트엔터테인먼트월드(NEW),15세이상관람가,드라마,정기훈,"정재영,박보영,오달수,배성우,류덕환,류현경,진경,윤균상,최홍원,김보람,김정훈,서동원,신정훈,육진영,이미경,이상훈"
144,맨발의 백작부인,,602000,0,5509000,301,2657,1,9,미국,미국,,,,"드라마,멜로/로맨스",조셉 L. 맨키위즈,"험프리 보가트,에바 가드너"
145,1944,2015-12-23,1500000,0,4420000,300,880,1,5,에스토니아,"에스토니아,핀란드",,(주)소나무픽쳐스,15세이상관람가,"전쟁,액션,드라마",엘모 누가넨,"카스파 벨버그,마이켄 슈미트,마르코 레트"
146,그놈이다,2015-10-28,2384000,0,8098811152,298,1046313,1,1,한국,한국,상상필름(주),CGV아트하우스,15세이상관람가,스릴러,윤준형,"주원,유해진,이유영,류혜영,서현우,이준혁,윤석진,김민서,김현정,박지윤"
147,007 살인번호,,588000,0,17317000,294,8622,1,8,영국,영국,,,,"액션,어드벤처",테렌스 영,"숀 코네리,우슬라 안드레스,버나드 리"
148,원탁의 기사,,572000,0,7328000,286,3661,1,8,미국,미국,,,,드라마,리처드 소프,"로버트 테일러,에바 가드너"
149,이수,,568000,0,7905000,284,3932,1,7,프랑스,"프랑스,미국",,,15세이상관람가,"멜로/로맨스,드라마",아나톨레 리바크,"잉그리드 버그만,이브 몽땅,안소니 퍼킨스"
150,누나 친구,2016-01-21,1498000,0,1498000,268,268,21,25,한국,한국,(주)영화사 사계절,(주)영화사 사계절,청소년관람불가,멜로/로맨스,신현철,"정서윤,김유강,박초현"
151,버스정류장,,510000,0,870000,267,447,1,12,미국,미국,,,12세이상관람가,"코미디,드라마,멜로/로맨스",조슈아 로간,"마릴린 몬로,돈 머레이,아서 오코넬"
152,서울의 지붕 밑,,528000,0,1175000,264,594,1,3,한국,한국,신필름,,,"코미디,드라마",이형표,"김승호,허장강,김희갑,최은희,김진규,황정순"
153,서칭 포 슈가맨,2012-10-11,786000,0,209568100,262,29192,1,15,스웨덴,"스웨덴,영국",,판씨네마(주),전체관람가,다큐멘터리,말릭 벤젠룰,"말릭 벤젠룰,시스토 로드리게즈"
154,황태자의 첫사랑,,520000,0,18298000,260,8215,1,8,미국,미국,메트로-골드윈-마이어,,,"드라마,뮤지컬",리처드 소프,"앤 블리스,에드몬드 퍼돔"
155,위크엔드 인 파리,2014-05-01,768000,0,264357200,256,33725,1,7,영국,영국,,판씨네마(주),15세이상관람가,"드라마,멜로/로맨스,코미디",로저 미첼,"짐 브로드벤트,린제이 던컨"
156,피아노의 숲,2008-10-30,1832000,0,224626800,255,35327,4,33,일본,일본,,"(주)이모션픽처스,THE 픽쳐스",전체관람가,"애니메이션,드라마,판타지",코지마 마사유키,"우에토 아야,카미키 류노스케"
157,쿵푸 팬더,2008-06-05,1224000,0,29998150000,247,4654266,10,27,미국,미국,,씨제이엔터테인먼트,전체관람가,"애니메이션,코미디,액션,가족","마크 오스본,존 스티븐슨","더스틴 호프만,루시 루,잭 블랙,안젤리나 졸리,성룡"
158,드레스메이커,2016-02-11,1904000,0,1904000,238,238,12,13,호주,호주,,(주)리틀빅픽쳐스,15세이상관람가,드라마,조셀린 무어하우스,"케이트 윈슬렛,주디 데이비스,리암 헴스워스,휴고 위빙,사라 스누크"
159,아이다 라스칼라,2015-12-05,5632500,0,46673500,224,2132,5,14,독일,독일,,(주)케빈앤컴퍼니,12세이상관람가,공연,페터 슈타인,
160,파리의 한국남자,2016-01-28,1926000,0,1926000,214,214,1,1,한국,한국,"(주)동녘필름,(주)씨타마운틴픽쳐스,네온프로덕션",(주)모멘텀엔터테인먼트,청소년관람불가,드라마,전수일,"조재현,팽지인"
161,파더 앤 도터,2015-12-10,1479000,0,465749100,213,61042,3,35,미국,"미국,이탈리아",,(주)박수엔터테인먼트,15세이상관람가,드라마,가브리엘 무치노,"아만다 사이프리드,러셀 크로우,아론 폴"
162,진짜 진짜 좋아해,1978-09-02,410000,0,426000,212,216,1,8,한국,한국,(주)동아수출공사,,,드라마,문여송,"임예진,김지영,김현,윤일주,이자영"
163,여자가 계단을 오를 때,,1439000,0,2679000,207,446,1,2,일본,일본,,,,드라마,나루세 미키오,"타카미네 히데코,모리 마사유키"
164,보루토 - 나루토 더 무비,2015-12-10,1549500,0,477965900,205,64267,1,9,일본,일본,,와이드 릴리즈(주),12세이상관람가,애니메이션,야마시타 히로유키,"산페이 유코,키쿠치 코코로,타케우치 준코,스기야마 노리아키,키지마 류이치,아베 아츠시,Kensho Ono,하야미 사오리"
165,타이밍,2015-12-10,1836000,0,290147800,204,38436,2,2,한국,한국,"(주)효인엔터테인먼트,베데코리아",(주)스톰픽쳐스코리아,15세이상관람가,애니메이션,"민경조,박대열","엄상현,박지윤,성완경"
166,스파이 브릿지,2015-11-05,1624000,0,2051232478,203,265075,1,1,미국,미국,,이십세기폭스코리아(주),12세이상관람가,"스릴러,드라마",스티븐 스필버그,"톰 행크스,마크 라이런스,오스틴 스토웰"
167,빌리와 용감한 녀석들: 치킨 히어로,2016-02-18,1560000,0,1560000,195,195,1,1,멕시코,멕시코,,"(주)박수엔터테인먼트,㈜코리아스크린",전체관람가,애니메이션,"가브리엘 리바 팔라시오 알라트리스테,로돌포 리바 팔라시오 알라트리스테",
168,헝거게임: 더 파이널,2015-11-18,1512000,0,6070679163,189,806709,1,1,미국,미국,라이온스 게이트 필름즈,롯데쇼핑㈜롯데엔터테인먼트,15세이상관람가,"액션,어드벤처",프란시스 로렌스,"제니퍼 로렌스,조쉬 허처슨,리암 헴스워스,필립 세이모어 호프만,줄리안 무어,우디 해럴슨,엘리자베스 뱅크스,도날드 서덜랜드"
169,12인의 하숙생,1979-01-16,350000,0,1952000,175,971,1,8,한국,한국,(주)동아수출공사,,국민학생관람불가,"드라마,멜로/로맨스",석래명,"도금봉,오혜진,유장현,김순철,박원숙,고아라,이영하"
169,미션,1986-12-24,350000,0,88016748,175,25938,1,3,영국,영국,,,"국민학생관람불가,15세이상관람가",드라마,롤랑 조페,"로버트 드니로,제레미 아이언스,에이단 퀸"
169,소셜포비아,2015-03-12,1423500,0,1967265663,175,250206,2,14,한국,한국,한국영화아카데미,CGV아트하우스,15세이상관람가,"스릴러,드라마",홍석재,"변요한,이주승,하윤경,이강욱,류준열,배유람,임지호,엄기성,하상명,전신환"
172,멋진 인생,,1188000,0,12471000,171,5672,1,2,미국,미국,,,,"드라마,멜로/로맨스,판타지",프랭크 카프라,"제임스 스튜어트,도나 리드"
173,족구왕,2014-08-21,1429000,0,364986500,169,46349,1,19,한국,한국,광화문시네마,KT&G 상상마당 영화사업팀 컴퍼니에스에스(주),15세이상관람가,"코미디,멜로/로맨스,드라마",우문기,"안재홍,강봉성,황승언,강봉성,박준식,배성윤,이환희,장민상,진태철,고봉곤,한지혜,권오광,김선간,김승필,김영강,김주호,배유람"
173,흐트러지다,,1175000,0,2613000,169,439,1,2,일본,일본,,,,드라마,나루세 미키오,"타카미네 히데코,가야마 유조"
175,길버트 그레이프,1994-06-11,858000,0,1724000,167,328,1,3,미국,미국,,,중학생이상관람가,"드라마,코미디",라세 할스트롬,"조니 뎁,줄리엣 루이스,레오나르도 디카프리오"
176,피나,2012-08-30,2048000,0,444205500,161,24569,1,9,독일,"독일,프랑스,영국",,㈜영화사 백두대간,전체관람가,다큐멘터리,빔 벤더스,피나 바우쉬
177,울보,,1440000,0,1440000,160,160,1,1,한국,한국,,오퍼스픽쳐스,청소년관람불가,드라마,이진우,"장유상,하윤경,이서준"
178,허공에의 질주,,1201000,0,3723000,158,504,1,1,미국,미국,,,,"드라마,범죄",시드니 루멧,"리버 피닉스,크리스틴 라티,주드 허쉬"
179,프리덤,2015-11-19,1188000,0,737408100,157,106187,3,35,미국,미국,,(주)씨타마운틴픽쳐스,12세이상관람가,"드라마,가족",피터 쿠센스,"쿠바 구딩 주니어,베르나르드 포처,윌리엄 새들러"
180,그들이 죽었다,2015-12-10,1097200,0,16461800,156,2307,3,30,한국,한국,사십이,㈜인디스토리,15세이상관람가,"판타지,드라마",백재호,"김상석,이화,백재호,권성모,김태희"
181,화장실콩쿨,2015-01-07,747000,0,747000,154,154,4,35,한국,한국,CCRC STUDIO,"애니메이션 배급, 씨앗",15세이상관람가,애니메이션,이용선,
182,아마데우스 감독판,2015-10-29,1673000,0,109902000,152,13580,2,11,미국,미국,,시네마 뉴원,12세이상관람가,드라마,밀로스 포만,"톰 헐스,F. 머레이 아브라함"
183,러브 앤 피스,2016-01-28,1208000,0,1764000,151,213,1,1,일본,일본,,(주)영화사 안다미로,12세이상관람가,"드라마,코미디,SF",소노 시온,"하세가와 히로키,아소 쿠미코"
183,인 더 섀도우 오브 우먼,2016-01-28,1208000,0,1208000,151,151,1,1,프랑스,"프랑스,스위스",,주식회사 더쿱,15세이상관람가,드라마,필립 가렐,"클로틸드 쿠로,스타니슬라 메하르"
185,취우,,990000,0,990000,149,149,1,2,일본,일본,,,,드라마,나루세 미키오,"하라 세츠코,사노 슈지,카가와 쿄코"
185,파리넬리,1995-04-08,1110000,0,38999500,149,7443,1,2,프랑스,"프랑스,이탈리아,벨기에",프랑스2시네마,,청소년관람불가,드라마,제라르 꼬르비오,"스테파노 디오니시,조나단 폭스,조 벳징,엔리코 로 베르소"
187,가름워즈: 마지막 예언자,2015-12-03,1168000,0,9978500,146,1359,1,1,일본,"일본,캐나다",,(주)박수엔터테인먼트,12세이상관람가,"액션,SF,스릴러",오시이 마모루,"랜스 헨릭슨,케빈 두런드,멜라니 생피에르,섬머 H. 하웰"
188,글로리데이,,1152000,0,2824800,144,298,1,2,한국,한국,(주)보리픽쳐스,,15세이상관람가,드라마,최정열,"지수,수호,류준열,김희찬,김동완"
189,인 허 플레이스,2015-12-17,1046000,0,11718400,142,1576,5,42,한국,"한국,캐나다",Timelapse pictures,홀리가든,청소년관람불가,드라마,알버트 신,"윤다경,길해연,안지혜"
190,브로크백 마운틴,2006-03-01,1210200,0,1357990600,135,208443,2,2,미국,미국,,씨제이엔터테인먼트,15세관람가,드라마,이안,"히스 레저,제이크 질렌할"
191,데싸우 댄서스,2015-12-24,811000,0,4179000,133,579,3,31,독일,독일,,(주)유로커뮤니케이션,15세이상관람가,코미디,장 마틴 샤프,"고르돈 캐머러,소냐 게하르트,올리버 코니츠니,세바스티안 예거"
192,스윗 프랑세즈,2015-12-03,1052000,0,154580300,126,20820,3,10,영국,"영국,프랑스,미국",,그린나래미디어(주),15세이상관람가,"멜로/로맨스,전쟁",사울 딥,"미쉘 윌리엄스,마티아스 쇼에나에츠"
193,안즈코,,800000,0,800000,124,124,1,2,일본,일본,,,,드라마,나루세 미키오,"야마무라 소,카가와 쿄코"
193,증오,1997-11-08,881000,0,1714000,124,256,1,1,프랑스,프랑스,,,청소년관람불가,"드라마,범죄",마티유 카소비츠,"뱅상 카셀,위베르 쿤데,세이드 타그마오우이"
193,초롱불 노래,,797000,0,797000,124,124,1,2,일본,일본,,,,드라마,나루세 미키오,"하나야기 쇼타로,야나기 에이지로"
196,불안한 외출,2015-12-10,742000,0,12845600,114,1958,1,9,한국,한국,다큐창작소,"홀리가든,불안한외출배급위원회",15세이상관람가,다큐멘터리,김철민,
197,빌리 엘리어트 뮤지컬 라이브,2014-11-27,2200000,0,406533500,112,22204,1,7,미국,미국,,유니버설픽쳐스인터내셔널 코리아(유),전체관람가,"뮤지컬,공연",스티븐 달드리,"엘리엇 한나,루시에 헨쉘,데카 웜슬리"
198,가을이 오다,,708000,0,708000,110,110,1,2,일본,일본,,,,드라마,나루세 미키오,"오토와 노부코,후지와라 카마타리"
199,"딸, 아내, 엄마",,717000,0,717000,108,108,1,2,일본,일본,,,,드라마,나루세 미키오,"타카미네 히데코,하라 세츠코,모리 마사유키"
200,갓즈 포켓,2016-01-28,856000,0,856000,107,107,1,1,미국,미국,,와이드 릴리즈(주),청소년관람불가,드라마,존 슬래터리,"필립 세이모어 호프만,존 터투로,크리스티나 헨드릭스,리차드 젠킨스"
201,자객 섭은낭,2016-02-04,553000,0,4664000,103,683,2,3,대만,대만,,(주)영화사 진진,12세이상관람가,"사극,액션",허우 샤오시엔,"서기,장첸,츠마부키 사토시"
202,칼큘레이터,2016-01-14,613000,0,613000,102,102,5,16,러시아,러시아,,(주)소나무픽쳐스,12세이상관람가,"액션,SF,스릴러",드미트리 그라체프,"에프게니 미노로프,안나 치포프스카야,비니 존스"
203,버스차장 히데코,,656000,0,656000,100,100,1,2,일본,일본,,,,드라마,나루세 미키오,"타카미네 히데코,후지와라 카마타리"
203,흐트러진 구름,,679000,0,4043000,100,641,1,1,일본,일본,,,,드라마,나루세 미키오,"가야마 유조,츠카사 요코"
205,1월 단편 상상극장-해피 뉴 스타,,788000,0,788000,99,99,1,3,한국,한국,,,,기타,"곽새미,박용재,구교환,장재현",
206,산의 소리,,632000,0,1578000,98,293,1,2,일본,일본,,,,드라마,나루세 미키오,"하라 세츠코,우에하라 켄,야마무라 소,스기 요코"
206,싱 오버 미,2015-09-24,715000,0,13043000,98,1775,1,18,미국,미국,,문화선교연구원,12세이상관람가,다큐멘터리,제이콥 카인드버그,
206,흐르다,,645000,0,1325000,98,232,1,2,일본,일본,,,,드라마,나루세 미키오,"다나카 키누요,타카미네 히데코,야마다 이스즈"
209,다크 월드: 이퀄리브리엄,2016-01-21,548000,0,548000,95,95,5,9,러시아,러시아,,(주)소나무픽쳐스,15세이상관람가,"SF,스릴러,어드벤처,미스터리",올레그 아사둘린,"마리아 피로고바,파벨 프릴루흐니"
210,아이돌 마스터 무비 : 빛의 저편으로!,2015-11-19,571000,0,212428000,94,29287,2,4,일본,일본,,(주)머스트씨무비릴리징컴퍼니,전체관람가,애니메이션,니시고리 아츠시,
211,밥,,593000,0,693000,89,105,1,1,일본,일본,,,,드라마,나루세 미키오,"하라 세츠코,스기무라 하루코"
212,캬바레,,414000,0,600000,86,123,1,2,,,,,,,,
213,더 콘서트,2010-11-25,638000,0,779520000,84,108570,1,2,프랑스,"프랑스,이탈리아,벨기에,루마니아",,유니버설픽쳐스인터내셔널 코리아(유),전체관람가,"드라마,코미디",라두 미하일라누,"알렉세이 구스코프,드미트리 나자로브"
213,로미오와 줄리엣,1996-12-28,745400,0,86301900,84,12868,1,1,미국,미국,,"이십세기폭스코리아(주),(주)프레인글로벌",고등학생이상관람가,"멜로/로맨스,액션,드라마",바즈 루어만,"레오나르도 디카프리오,클레어 데인즈"
215,권적운,,535000,0,535000,82,82,1,2,일본,일본,,,,드라마,나루세 미키오,"아와시마 치카게,키무라 이사오"
216,007 스펙터,2015-11-11,629000,0,14302105030,79,1820839,1,2,영국,"영국,미국",,유니버설픽쳐스인터내셔널 코리아(유),15세이상관람가,"액션,어드벤처,범죄,스릴러",샘 멘데스,"다니엘 크레이그,레아 세이두,크리스토프 왈츠,모니카 벨루치"
217,인턴,2015-09-24,716000,0,28518443148,78,3610642,1,5,미국,미국,,워너브러더스 코리아(주),12세이상관람가,코미디,낸시 마이어스,"앤 해서웨이,로버트 드니로,르네 루소,냇 울프,아담 드바인,앤드류 라넬스"
218,벨벳 골드마인,1999-08-28,744400,0,41470308,75,5210,1,1,영국,"영국,미국","채널4필름,골드윈필름,킬러 필름즈,미라맥스 필름즈,뉴마켓 캐피탈 그룹",(주)엔케이컨텐츠,"18세관람가,청소년관람불가","드라마,뮤지컬",토드 헤인즈,"이완 맥그리거,조나단 리스 메이어스,크리스찬 베일,토니 콜레뜨"
219,몬스터 호텔,2013-01-17,403000,0,6080784500,71,884988,2,5,미국,미국,,소니픽쳐스릴리징월트디즈니스튜디오스코리아(주),전체관람가,"애니메이션,가족",젠디 타타코브스키,"아담 샌들러,스티브 부세미,프란 드레셔,앤디 샘버그,정찬우,김태균"
219,세 자매,,471000,0,471000,71,71,1,2,일본,일본,,,,드라마,나루세 미키오,호소카와 치카코
221,여인의 향기,1993-03-20,374000,0,1070000,70,199,1,1,미국,미국,"유니버셜 픽쳐스,유아이피-씨아이씨영화및비디오배급(유)",,고등학생이상관람가,드라마,마틴 브레스트,"크리스 오도넬,알 파치노"
221,초인,,552800,0,1024200,70,150,1,2,한국,한국,퍼레이드 픽쳐스,,,멜로/로맨스,서은영,
223,번개,,427000,0,2050000,63,353,1,1,일본,일본,,,,드라마,나루세 미키오,"타카미네 히데코,미우라 미츠코"
223,토토의 천국,1992-07-17,348000,0,2146000,63,385,1,1,벨기에,벨기에,(주)하명중 영화제작소,,중학생이상관람가,드라마,자코 반 도마엘,미셸 부케
225,만국,,413000,0,1301000,62,223,1,1,일본,일본,,,,드라마,나루세 미키오,"스기무라 하루코,우에하라 켄,사와무라 사다코"
225,폭스캐처,2015-02-05,463000,0,204234121,62,25745,1,1,미국,미국,,그린나래미디어(주),청소년관람불가,"드라마,스릴러",베넷 밀러,"채닝 테이텀,스티브 카렐,마크 러팔로"
227,연연풍진,,347000,0,5076000,61,779,3,6,대만,대만,,,,드라마,허우 샤오시엔,신수분
228,8번째 욕정,,300000,0,300000,60,60,1,1,프랑스,프랑스,,,청소년관람불가,다큐멘터리,장-프랑수아 다비,
228,두 개의 문,2012-06-21,369000,0,505287000,60,73723,1,1,한국,한국,성소수문화환경을 위한 모임 '연분홍치마',(주)시네마달,15세이상관람가,다큐멘터리,"김일란,홍지유","정태현,이종걸"
230,순교,2015-08-13,381000,0,115723000,58,16155,1,9,한국,한국,파이오니아21,파이오니아21,전체관람가,다큐멘터리,김상철,임미선
230,트윈스터즈,2016-03-03,406000,0,828000,58,130,1,1,미국,"미국,프랑스,한국,영국",,CGV아트하우스,12세이상관람가,다큐멘터리,"사만다 푸터먼,라이언 미야모토","사만다 푸터먼,아나이스 보르디에"
230,펑꾸이에서 온 소년,,332000,0,2422500,58,360,2,6,대만,대만,,,,드라마,허우 샤오시엔,유승택
233,산주산겐도 궁수 이야기,,356000,0,356000,55,55,1,2,일본,일본,,,,사극,나루세 미키오,"하세가와 카즈오,다나카 키누요"
234,내 이름은 아닌아,,270000,0,270000,54,54,1,1,우루과이,"우루과이,콜롬비아",,(주)수키픽쳐스,전체관람가,애니메이션,알프레도 소데르기트,
234,스캐빈저,2016-01-11,270000,0,270000,54,54,1,1,미국,미국,,(주)스넵쏘울,15세이상관람가,SF,쉐리엔 다비스,로아크 크리츨로우
236,완전 범죄,,290000,0,500000,53,95,1,1,이탈리아,이탈리아,,,,"범죄,드라마",엘리오 페트리,"지안 마리아 볼론테,플로린다 볼컨"
237,밀양 아리랑,2015-07-16,314000,0,18138000,52,3002,1,1,한국,한국,오지필름,(주)시네마달,15세이상관람가,다큐멘터리,박배일,
238,밀드레드 피어스,,235000,0,263000,48,54,1,2,,,,,,,,
239,로이 샤이더의 째즈 클럽,,250000,0,956000,47,181,1,1,,,,,,,,
240,리얼 술래잡기,2016-01-14,325000,0,748000,45,92,3,18,일본,일본,,(주)영화사 안다미로,청소년관람불가,"공포(호러),액션",소노 시온,"트린들 레이나,시노다 마리코,마노 에리나"
241,그렇게 아버지가 된다,2013-12-19,347800,0,949842062,44,124959,1,1,일본,일본,,(주)티캐스트콘텐츠허브,전체관람가,"드라마,가족",고레에다 히로카즈,"후쿠야마 마사하루,오노 마치코,릴리 프랭키,마키 요코"
241,아내,,283000,0,543000,44,84,1,1,일본,일본,,,,드라마,나루세 미키오,"우에하라 켄,타카미네 미에코"
243,거미여인의 키스,,220000,0,394000,43,77,1,1,미국,"미국,브라질",,,,드라마,헥터 바벤코,"윌리엄 허트,라울 줄리아"
243,떠돌이 배우,,283000,0,377000,43,58,1,1,일본,일본,,,,코미디,나루세 미키오,후지와라 카마타리
245,부부,,283000,0,574000,42,87,1,1,일본,일본,,,,드라마,나루세 미키오,"우에하라 켄,스기 요코"
246,끌로끌로,2012-10-04,304000,0,9217000,40,1258,1,2,프랑스,"프랑스,벨기에",,(주)에스와이코마드,15세이상관람가,드라마,플로렝 에밀리오 시리,"제레미 레니에,브누와 마지멜,모니카 스카티니,사브리나 세이베쿠"
246,도니 브래스코,1998-06-20,202000,0,348000,40,80,1,1,미국,미국,볼티모어픽쳐스,,연소자관람불가,"드라마,범죄,스릴러",마이크 뉴웰,"조니 뎁,알 파치노"
246,인시디어스,2012-09-13,400000,0,370698500,40,52079,1,1,미국,미국,,(주)쇼박스,15세이상관람가,"공포(호러),판타지,스릴러",제임스 완,"패트릭 윌슨,로즈 번,바바라 허쉬,리 워넬"
249,우리가 사랑한 시간,2015-11-12,222000,0,28507600,38,4126,1,3,미국,미국,,㈜영화사 백두대간,15세이상관람가,멜로/로맨스,드레이크 도리머스,"가이 피어스,펠리시티 존스,에이미 라이언"
250,아줌마...줌마들의반란,2016-01-07,333000,0,333000,37,37,1,1,한국,한국,"시네마테크 충무로,스마일픽쳐스",(주)영화사 조은,청소년관람불가,드라마,김문옥,"김미영,주하린,박효근,정인철"
251,구름 저편에,1996-08-31,182000,0,506000,35,99,1,1,프랑스,프랑스,센터 내셔널 드 라 시네마토그라피,,연소자관람불가,드라마,"빔 벤더스,미켈란젤로 안토니오니","소피 마르소,존 말코비치,장 르노,이렌느 야곱"
251,디판,2015-10-22,248500,0,42933900,35,5821,1,3,프랑스,프랑스,,그린나래미디어(주),청소년관람불가,드라마,자크 오디아르,"제수타산 안토니타산,칼리스와리 스리니바산,클로딘 비나시탐비"
251,시티즌포,2015-11-19,213000,0,38876400,35,5231,1,10,미국,"미국,독일",,에스디시코리아 주식회사,12세이상관람가,다큐멘터리,로라 포이트러스,
254,특별한 날,,170000,0,704000,34,122,1,1,이탈리아,"이탈리아,캐나다",,,,기타,에토르 스콜라,"소피아 로렌,마르첼로 마스트로얀니"
255,이지 라이프,,176000,0,192000,33,36,1,2,이탈리아,이탈리아,,,,"드라마,코미디",디노 리시,"비토리오 가스만,카트린 스파크"
256,굿바이 그리고 헬로우,2015-12-25,221000,0,2835000,32,329,1,5,한국,한국,(주)일월미디어,(주)액티버스엔터테인먼트,12세이상관람가,드라마,한창근,"서하준,최종남"
257,샌드위치 맨,,170000,0,887000,31,145,2,6,대만,대만,,,,드라마,허우 샤오시엔,
257,시라노,1990-07-14,156000,0,715500,31,113,1,1,프랑스,프랑스,센터 내셔널 드 라 시네마토그라피,,연소자관람가,드라마,,"안느 브로쉐,제라르 드빠르디유,자크 웨버"
257,이사 소동,,189000,0,189000,31,31,1,1,프랑스,"프랑스,벨기에",,,,코미디,샹탈 애커만,"실비 테스튀,오로르 클레망,장 피에르 마리엘"
260,나쁜 피,1994-12-10,292400,0,5778400,30,798,1,1,프랑스,프랑스,,오드,고등학생이상관람가,"드라마,멜로/로맨스",레오스 카락스,"드니 라방,줄리엣 비노쉬"
261,극장판 파워레인저 트레인포스 VS 다이노포스 THE MOVIE,2015-11-26,177000,0,731072500,28,100054,1,1,일본,일본,,"(주)스마일이엔티,(주)영화사오원",전체관람가,"액션,SF",와타나베 카츠야,"시손 쥰,세키네 츠토무"
261,프란시스 하,2014-07-17,280000,0,569057070,28,72678,1,1,미국,미국,,그린나래미디어(주),15세이상관람가,"코미디,멜로/로맨스",노아 바움백,"그레타 거윅,믹키 섬너,그레이스 검머,아담 드라이버"
263,동년왕사,,176000,0,1743000,26,261,2,4,대만,대만,,,,드라마,허우 샤오시엔,티엔 펭
263,에이미,2015-11-05,175000,0,93341400,26,11284,1,3,영국,영국,,주식회사 더쿱,청소년관람불가,다큐멘터리,아시프 카파디아,"에이미 와인하우스,마크 론슨,피트 도허티"
265,베이 오브 엔젤,,114000,0,212000,23,42,1,1,프랑스,프랑스,,,,"드라마,멜로/로맨스",자크 드미,"잔느 모로,클로드 만"
265,포레스트 검프,1994-10-15,171000,0,171000,23,23,1,1,미국,미국,파라마운트 픽쳐스,,중학생이상관람가,"드라마,코미디",로버트 저메키스,"톰 행크스,로빈 라이트,샐리 필드,게리 시나이즈"
265,하이랜더,1990-04-28,110000,0,144000,23,30,1,2,미국,"미국,영국",한진흥업주식회사,,고등학생이상관람가,"SF,액션,판타지",,
268,무뢰한,2015-05-27,173000,0,3262380431,22,414663,1,1,한국,한국,(주)사나이픽처스,CGV아트하우스,청소년관람불가,멜로/로맨스,오승욱,"김남길,전도연,박성웅,곽도원,김민재,강태영,박지환,정재웅,조민지,조원희,송승현,오하늬,유지연,하은진,이동진,이학주"
269,돌연변이,2015-10-22,120000,0,748936684,20,100543,1,1,한국,한국,영화사 우상,필라멘트픽쳐스,12세이상관람가,"드라마,코미디",권오광,"이광수,이천희,박보영,장광,이병준,김희원,강봉성,권오광,추민철,장원석,우문기,김수정,김태환,박성일,박시영,박준수,박지연"
270,동쪽,,123000,0,123000,19,19,1,1,프랑스,"프랑스,벨기에,포르투갈",,,,다큐멘터리,샹탈 애커만,나탈리아 차코프스카이아
270,철의 꿈,2014-11-13,115000,0,10544700,19,1440,1,6,한국,한국,"(주)경픽쳐스,울산 MBC",(주)영화사 진진,전체관람가,다큐멘터리,박경근,
272,겟 카터,2000-11-04,86000,0,199000,18,40,1,1,미국,미국,,,15세관람가,"액션,드라마,범죄",스티븐 T. 케이,"실베스터 스탤론,미란다 리차드슨"
273,미 앤 유,2014-02-27,169000,0,24596900,17,3252,1,1,이탈리아,이탈리아,,오드,15세이상관람가,드라마,베르나르도 베르톨루치,"테아 팔코,자코포 올모 안티노리"
274,앨리스는 이제 여기 살지 않는다,,78000,0,234000,16,46,1,1,,,,,,,,
275,당신의 세상은 지금 몇 시?,2015-11-19,77000,0,15724200,15,2106,1,4,프랑스,"프랑스,이란",,알토미디어(주),12세이상관람가,드라마,사피 야즈다니안,"레일라 하타미,알리 모사파"
276,시벨의 일요일,,66000,0,1764000,13,287,1,1,프랑스,프랑스,,,,기타,세르지 부르가뇽,
277,가슴에 빛나는 별,,48000,0,160000,12,35,1,1,미국,미국,,,15세이상관람가,"서부극(웨스턴),드라마",안소니 만,"헨리 폰다,안소니 퍼킨스,피터 볼드윈"
277,한양기방 명기전,2015-12-30,115000,0,2163000,12,395,3,3,한국,한국,(주)케이알씨지,(주)케이알씨지,청소년관람불가,멜로/로맨스,김민욱,나영
279,과외선생님 : 심화학습편,2016-01-05,100000,0,100000,10,10,1,1,일본,일본,,(주)소나무픽쳐스,청소년관람불가,멜로/로맨스,오부치 아키라,하세가와 유우코
279,마션,2015-10-08,100000,0,39663245295,10,4880810,1,1,미국,미국,,이십세기폭스코리아(주),12세이상관람가,"액션,어드벤처,SF",리들리 스콧,"맷 데이먼,제시카 차스테인,제프 다니엘스,케이트 마라,크리스틴 위그"
279,맛2 (무삭제),2016-01-06,100000,0,100000,10,10,1,1,한국,한국,태령시네마,(주)소나무픽쳐스,청소년관람불가,"멜로/로맨스,드라마",경석호,김수정
279,아스타 라 비스타,2015-11-19,61000,0,3788300,10,612,1,5,벨기에,벨기에,,㈜인디스토리,15세이상관람가,드라마,제프리 엔트호벤,"질 드 슈리이버,로브레히 반덴 토렌,톰 오데나에르"
279,우리가 잃어버릴 청춘,,50000,0,50000,10,10,1,1,중국,중국,,(유)영화사 화수분,12세이상관람가,"드라마,멜로/로맨스",조미,"조우정,한경,양자산,강소영"
279,이미테이션 게임,2015-02-17,96000,0,13656025120,10,1743973,1,1,영국,영국,,메가박스(주)플러스엠,15세이상관람가,"드라마,스릴러",모튼 틸덤,"베네딕트 컴버배치,키이라 나이틀리,매튜 구드"
285,인디애니박스:셀마의 단백질 커피,2008-06-20,36000,0,18230800,9,2967,1,3,한국,한국,일렉트릭 서커스 프로듀싱 스튜디오,㈜인디스토리,12세이상관람가,애니메이션,"김운기,구봉회",
286,침묵의 시선,2015-09-03,50000,0,40411000,8,5149,1,5,덴마크,덴마크,,(주)엣나인필름,15세이상관람가,다큐멘터리,조슈아 오펜하이머,
287,생각보다 맑은,2015-01-22,24000,0,27417900,6,3887,1,3,한국,한국,Studio Allo,"애니메이션 배급, 씨앗,㈜인디스토리",12세이상관람가,애니메이션,한지원,"엄상현,양정화,한지원,한지원,이홍수,이홍수,이홍수,이호민,이영기,유아람,서정원,서정원"
287,필름시대사랑,2015-10-22,28000,0,12686000,6,1611,1,5,한국,한국,"률필름,(주)스마일이엔티",(주)스마일이엔티,15세이상관람가,드라마,장률,"박해일,안성기,문소리,한예리,권혜민,허철,최우식,정재필,임철희,이준동,이용수,윤서희,오재은,김동현,김동현,김소연,김수정,김여정,김예은,김진주,안동훈,신지은,김희령,송효정,송승민,류시문,박상호,박정환,백현진,백주은,백종관"
289,소중한 날의 꿈,2011-06-23,20000,0,366956100,5,53069,1,3,한국,한국,(주)연필로명상하기,에이원엔터테인먼트,전체관람가,"애니메이션,드라마","안재훈,한혜진","박신혜,오연서,송창의,신정희,박진희,조효민,이태연"
289,한여름의 판타지아,2015-06-11,27000,0,279921558,5,36055,1,3,한국,"한국,일본",모쿠슈라,㈜인디스토리,전체관람가,드라마,장건재,"김새벽,이와세 료,임형국"
291,나를 잊지 말아요,,18000,0,18000,2,2,1,1,한국,한국,,,12세이상관람가,멜로/로맨스,이윤정,"김정태,김태희"
291,"서툴지만, 사랑",2015-12-10,14000,0,13496000,2,1591,1,1,일본,일본,,(주)이수C&E,전체관람가,멜로/로맨스,이누도 잇신,"아이바 마사키,에이쿠라 나나,한효주,이쿠타 토마"
291,설지,2015-11-26,10000,0,2849100,2,380,1,1,한국,한국,"(주)영화사 통 ,이달투,㈜미로비젼","(주)박수엔터테인먼트,(주)미로스페이스",12세이상관람가,드라마,박진순,"다나,강은탁,이미소,이설애,장석우,한성수"
291,"실론, 세렌디피티",2015-12-14,14000,0,900400,2,136,1,1,한국,한국,주식회사 씨엠닉스,주식회사 씨엠닉스,15세이상관람가,드라마,권중목,"김민체,권중목,이민서,전다솔,김소연,박진국,정현우,구준희,차승기,이종선,배현경,염문경,전희련,최영미,권문선,권정수,장해숙,송성해,이지연,최종문,이재훤,승의열,윤광현,이문주"
295,간호사만 참아야하나,2016-01-20,8000,0,8000,1,1,1,1,일본,일본,,(주)도키엔터테인먼트,청소년관람불가,성인물(에로),카타오카 슈지,"사와키 마유미,미즈타니 케이"
295,거유탐닉 - 그녀의 방에서,2016-01-06,8000,0,8000,1,1,1,1,일본,일본,,(주)도키엔터테인먼트,청소년관람불가,성인물(에로),하세가와 쿠니히로,스기야마 케이
295,남편 제자와의 밀애,2016-01-03,9000,0,9000,1,1,1,1,일본,일본,,(주)영진크리에이티브,청소년관람불가,"멜로/로맨스,드라마",카에데,무라사키 아야노
295,더 하이브,2016-01-07,7000,0,7000,1,1,1,1,미국,미국,,(주)제이에이와이이엔터테인먼트,청소년관람불가,공포(호러),데이빗 야로베스키,"가브리엘 바쏘,캐서린 프레스콧"
295,독신남자와 이웃집여자,2016-01-09,10000,0,10000,1,1,1,1,일본,일본,,(주)영진크리에이티브,청소년관람불가,"멜로/로맨스,드라마",카에데,"요코야마 미레이,아오야마 마키"
295,돌싱의 맛있는 유혹,2016-01-10,10000,0,10000,1,1,1,1,일본,일본,,(주)영진크리에이티브,청소년관람불가,"멜로/로맨스,드라마",카에데,"미사키 쿄코,쿠라키 사유리"
295,뜨거운 여감옥의 밤,2016-01-06,8000,0,8000,1,1,1,1,일본,일본,,(주)도키엔터테인먼트,청소년관람불가,성인물(에로),하세가와 쿠니히로,"마츠시마 야야,사카시타 레이"
295,미국 대지진 : 샌 안드레스,2016-01-21,4000,0,4000,1,1,1,1,미국,미국,,스크린조이,12세이상관람가,"액션,SF",존 바움가트너,"제이 캐슬,제이슨 우즈"
295,버진 사무라이,2016-01-14,5000,0,5000,1,1,1,1,일본,일본,,(주)예당씨앤에스,청소년관람불가,"코미디,드라마",하뉴켄지,하즈키 노조미
295,병원 화장실에서,2016-01-20,8000,0,8000,1,1,1,1,일본,일본,,(주)도키엔터테인먼트,청소년관람불가,성인물(에로),하세가와 쿠니히로,"타치바나 히토미,이가와 나나코"
295,분노의 레이싱 질주,2016-01-21,4000,0,4000,1,1,1,1,미국,미국,,스크린조이,15세이상관람가,"액션,어드벤처",콜 S. 맥케이,재즈 마틴
295,불륜수업-나쁜놀이,2016-01-20,8000,0,8000,1,1,1,1,일본,일본,,(주)도키엔터테인먼트,청소년관람불가,성인물(에로),마츠히사 유메지,타치바나 히토미
295,사탄의 부활,2016-01-14,4000,0,4000,1,1,1,1,미국,미국,,(주)케이알씨지,청소년관람불가,"공포(호러),스릴러",키이스 앨런,"존 브리델,에린 코커"
295,살인게임 79,2016-01-21,4000,0,4000,1,1,1,1,미국,미국,,(주)케이알씨지,15세이상관람가,"액션,공포(호러)",필립 매시제윅,"조나단 로젠탈,크리스틴 스프링겟"
295,섹스 잘하는 여자가 좋다,2016-01-02,9000,0,9000,1,1,1,1,일본,일본,,(주)영진크리에이티브,청소년관람불가,"멜로/로맨스,드라마",하지메 쇼우리,"네모토 하루미,미즈타니 케이"
295,스와핑:비밀클럽,2016-01-24,10000,0,10000,1,1,1,1,일본,일본,,(주)영진크리에이티브,청소년관람불가,"멜로/로맨스,드라마",키타자와 유키오,"가이 마사미,사사키 마유코"
295,시즈닝 하우스,2016-01-21,5000,0,5000,1,1,1,1,영국,영국,,주식회사 루믹스미디어,청소년관람불가,"스릴러,드라마",폴 하이엣,"로지 데이,숀 퍼트위,안나 월튼"
295,신 금병매,2016-01-07,4000,0,4000,1,1,1,1,중국,중국,,(유)조이앤컨텐츠그룹,청소년관람불가,멜로/로맨스,진건화,"단립문,양사민"
295,아내의 애인,2015-10-08,9000,0,2132000,1,364,1,1,한국,한국,(주)영화사 사계절,(주)영화사 사계절,청소년관람불가,멜로/로맨스,소영환,"김태정,이현성,장지현"
295,애인뱅크,2016-01-08,8000,0,8000,1,1,1,1,일본,일본,,(주)엘케이픽쳐스,청소년관람불가,멜로/로맨스,키리시마 아키코,아마노 코유키
295,애정의 사쿠라,2016-01-13,8000,0,8000,1,1,1,1,일본,일본,,(주)도키엔터테인먼트,청소년관람불가,성인물(에로),카네다 사토시,"안나 토모,야마구치 마리"
295,에이지 오브 투모로우,2016-01-14,4000,0,4000,1,1,1,1,미국,미국,,(주)케이알씨지,15세이상관람가,"SF,스릴러",제임스 콘델릭,"켈리 후,안소니 마크스,로버트 피카르도"
295,여감옥의 교도관 - 꿀잼,2016-01-13,8000,0,8000,1,1,1,1,일본,일본,,(주)도키엔터테인먼트,청소년관람불가,성인물(에로),하세가와 쿠니히로,타치바나 리코
295,여인의 숙명 - 야쿠자의 여자,2016-01-16,5000,0,5000,1,1,1,1,일본,일본,,(주)예당씨앤에스,청소년관람불가,"성인물(에로),드라마",카이하라 쿠리스 료,요시자와 아키호
295,여자의 무기 - 야쿠자의 여자,2016-01-16,5000,0,5000,1,1,1,1,일본,일본,,(주)예당씨앤에스,청소년관람불가,"성인물(에로),드라마",카이하라 쿠리스 료,요시자와 아키호
295,오르가즘이 좋아서 - 아줌마,2016-01-06,8000,0,8000,1,1,1,1,일본,일본,,(주)도키엔터테인먼트,청소년관람불가,성인물(에로),이시노 쇼세이,마키노 하루카
295,운명의 시작 - 야쿠자의 여자,2016-01-15,5000,0,5000,1,1,1,1,일본,일본,,(주)예당씨앤에스,청소년관람불가,"성인물(에로),드라마",후지와라 켄이치,요시자와 아키호
295,울프캅,2016-01-07,5000,0,5000,1,1,1,1,캐나다,캐나다,,주식회사 루믹스미디어,청소년관람불가,"코미디,공포(호러)",로웰 딘,"레오 페펄드,에이미 마티시오,사라 린드"
295,웅덩이의 두 사람,2016-01-14,8000,0,8000,1,1,1,1,일본,일본,,(주)엘케이픽쳐스,청소년관람불가,멜로/로맨스,호리이 히카루,산단 토모아키
295,위험한 중독 무삭제판,2016-01-13,5000,0,5000,1,1,1,1,한국,한국,㈜리필름,(주)블루브릭,청소년관람불가,드라마,최율권희,"고원,황지후,류한홍"
295,의사와 간호사 불륜,2016-01-06,8000,0,8000,1,1,1,1,일본,일본,,(주)도키엔터테인먼트,청소년관람불가,성인물(에로),조조 히데오,히로세 나나미
295,이별의 순간 마지막 섹스,2016-01-06,8000,0,8000,1,1,1,1,일본,일본,,(주)도키엔터테인먼트,청소년관람불가,성인물(에로),에노모토 토시로,타케우치 쥰코
295,일본 춘화도 - 창녀의 몸매,2016-01-20,8000,0,8000,1,1,1,1,일본,일본,,(주)도키엔터테인먼트,청소년관람불가,성인물(에로),히로토미,쿠로키 토모미
295,전쟁과 관능,,8000,0,8000,1,1,1,1,일본,일본,,(주)엘케이픽쳐스,청소년관람불가,멜로/로맨스,키리시마 아키코,키리시마 아키코
295,좀비아포칼립스:파이널,2016-01-21,5000,0,5000,1,1,1,1,캐나다,캐나다,,주식회사 루믹스미디어,청소년관람불가,전쟁,루카 보니,"앤드류 하우드 밀스,단 반 후센,아론 스티엘스트라"
295,주인님이라 그러지마,2016-01-20,8000,0,8000,1,1,1,1,일본,일본,,(주)도키엔터테인먼트,청소년관람불가,성인물(에로),하코다 신스케,"토모다 마키,야마구치 마리"
295,죽을정도로 느끼게 해줘,2016-01-13,8000,0,8000,1,1,1,1,일본,일본,,(주)도키엔터테인먼트,청소년관람불가,성인물(에로),이시카와 칸,코다 리리
295,질퍽한 유부녀의 육체,2016-01-13,8000,0,8000,1,1,1,1,일본,일본,,(주)도키엔터테인먼트,청소년관람불가,성인물(에로),하세가와 쿠니히로,미즈사와 다이야
295,짓2: 붉은 낙타 무삭제판,2016-01-07,4000,0,4000,1,1,1,1,한국,한국,㈜리필름,(주)드림팩트엔터테인먼트,청소년관람불가,멜로/로맨스,노진수,"고원,김민기"
295,첫경험만 8번째,2016-01-14,5000,0,5000,1,1,1,1,미국,미국,,(주)미디어로그,청소년관람불가,코미디,댄 비어스,"존 카나,케이티 핀들레이,크레이그 로버츠,알란 터딕,칼슨 영"
295,치명적 유혹 - 야쿠자의 여자,2016-01-15,5000,0,5000,1,1,1,1,일본,일본,,(주)예당씨앤에스,청소년관람불가,"성인물(에로),드라마",카이하라 쿠리스 료,요시자와 아키호
295,캠퍼스 오바마 전쟁,2016-01-12,5000,0,5000,1,1,1,1,미국,미국,,(주)콘텐츠게이트,15세이상관람가,코미디,저스틴 시미엔,"테사 톰슨,카일 갈너,타일러 제임스 윌리엄스"
295,타투,2015-12-10,8000,0,99263100,1,12103,1,1,한국,한국,"(주)다세포클럽,(주)코리아스토리",와이드 릴리즈(주),청소년관람불가,스릴러,이서,"송일국,윤주희,권현상,서영,조혜인,조훈휘,최상민,허윤원,김수환,김은희,김지은,박범준,박지수,안지호,이은주"
295,피아노 정사 레슨 - 불륜,2016-01-13,8000,0,8000,1,1,1,1,일본,일본,,(주)도키엔터테인먼트,청소년관람불가,멜로/로맨스,에노모토 토시로,하루카 유우
295,하숙집-미모의 여주인,2016-01-17,10000,0,10000,1,1,1,1,일본,일본,,(주)영진크리에이티브,청소년관람불가,"멜로/로맨스,드라마",카에데,"이자와 료코,츠키조 아이코"
295,히비키의 도신,2016-01-14,5000,0,5000,1,1,1,1,일본,일본,,(주)예당씨앤에스,청소년관람불가,"성인물(에로),드라마",오쿠 와타루,오츠키 히비키
341,2016 한국영화아카데미 졸업영화제 개막식,,0,0,0,0,0,1,1,한국,한국,,,,기타,"이상학,안주영,김효미,김한라",
341,2016 한국영화아카데미 졸업영화제 섹션A,,0,0,0,0,0,1,3,한국,한국,,,,기타,"김성환,방우리,김지현,최윤태",
341,2016 한국영화아카데미 졸업영화제 섹션B,,0,0,0,0,0,1,3,한국,한국,,,,기타,"이정곤,양익제,정유경,최기윤",
341,2016 한국영화아카데미 졸업영화제 섹션C,,0,0,0,0,0,1,6,한국,한국,,,,기타,"봉준영,양진열,김효미,안주영",
341,나쁜 사랑,2015-04-16,0,0,46875500,0,6107,1,1,프랑스,프랑스,,주식회사 씨네룩스,15세이상관람가,"멜로/로맨스,드라마",브누와 쟉꼬,"샤를로뜨 갱스부르,까뜨린느 드뇌브,키아라 마스트로얀니,브누와 뽀엘부르드"
341,로마 위드 러브,2013-04-18,0,0,1325929301,0,180984,1,1,미국,"미국,이탈리아,스페인",,(주)나이너스엔터테인먼트,청소년관람불가,코미디,우디 알렌,"알렉 볼드윈,엘렌 페이지,제시 아이젠버그,페넬로페 크루즈,로베르토 베니니,우디 알렌"
341,리스본행 야간열차,2014-06-05,0,0,600996336,0,78227,1,1,독일,"독일,스위스,포르투갈",,(주)나이너스엔터테인먼트,15세이상관람가,"미스터리,멜로/로맨스,스릴러",빌 어거스트,"제레미 아이언스,멜라니 로랑,잭 휴스턴,마르티나 게덱"
341,질투,2015-04-09,0,0,19968000,0,2673,1,1,프랑스,프랑스,,찬란,15세이상관람가,멜로/로맨스,필립 가렐,"루이스 가렐,안나 무글라리스"
